id,verb,label_original,label_suggere,action
3,manage,Manage and interact with relational and NoSQL database systems,Administer relational and NoSQL database systems,EDIT
8,manage,Manage and synchronize project source code using distributed version control,Synchronize project source code using distributed version control,EDIT
10,manage,Manage automated build and deployment workflows for software applications,Automate build and deployment workflows for software applications,EDIT
25,manage,Manage and execute automated testing workflows,Execute and automate testing workflows,EDIT
28,manage,Manage code versions and coordinate software releases,Version code and coordinate software releases,EDIT
32,manage,Manage and deploy applications using containerization tools,Deploy applications using containerization tools,EDIT
33,manage,Manage and update project dependencies,Update and maintain project dependencies,EDIT
37,manage,Manage and configure staging environments using containerization and deployment tools,Configure staging environments using containerization and deployment tools,EDIT
39,manage,Manage web server security and SSL/TLS configurations,Enforce web server security and SSL/TLS configurations,EDIT
42,manage,Manage file storage and retrieval operations across systems,Organize file storage and retrieval operations across systems,EDIT
44,manage,Manage deployment pipelines and monitor system workflows,Maintain deployment pipelines and track system workflows,EDIT
45,manage,Manage and execute website and domain migration tasks,Execute website and domain migration tasks,EDIT
56,manage,Manage API input validation and rate limiting mechanisms,Enforce API input validation and rate limiting mechanisms,EDIT
57,manage,Manage automated test data generation and database population,Automate test data generation and database population,EDIT
58,manage,Manage user roles and access control policies,Administer user roles and access control policies,EDIT
60,manage,Manage and execute database migration workflows,Execute database migration workflows,EDIT
61,manage,Manage web application firewall configurations and network filtering rules,Enforce web application firewall configurations and network filtering rules,EDIT
65,manage,Manage and optimize website SEO configurations and metadata,Optimize website SEO configurations and metadata,EDIT
67,manage,Manage and configure file storage and access operations,Configure file storage and access operations,EDIT
70,manage,Manage and automate file and database operations,Automate file and database operations,EDIT
76,manage,Manage user sessions and enforce automatic inactivity handling,Administer user sessions and enforce automatic inactivity handling,EDIT
78,manage,Manage API routes and versions across multiple releases,Version and maintain API routes across multiple releases,EDIT
80,manage,Manage multi-container applications with Docker Compose,Orchestrate multi-container applications with Docker Compose,EDIT
81,manage,Manage logging configurations across multiple runtime environments,Configure logging across multiple runtime environments,EDIT
82,manage,Manage bulk user data transfer and processing,Process and transfer bulk user data,EDIT
83,manage,Manage authentication logs and firewall rules,Audit authentication logs and enforce firewall rules,EDIT
87,manage,Manage form processing and validation workflows with notifications,Automate form processing and validation workflows with notifications,EDIT
88,manage,Manage and verify user consent data for compliance,Verify and enforce user consent data for compliance,EDIT
90,manage,Manage and configure caching for content delivery networks,Configure and optimize caching for content delivery networks,EDIT
91,manage,Manage and apply encryption for data security,Apply and enforce encryption for data security,EDIT
94,manage,Manage and update feature toggles in software applications,Update and maintain feature toggles in software applications,EDIT
95,manage,Manage and process structured data import workflows,Process and import structured data workflows,EDIT
96,manage,Manage and monitor API request limits,Track and enforce API request limits,EDIT
99,manage,Manage deployment states and version rollbacks,Maintain deployment states and execute version rollbacks,EDIT
100,manage,Manage and compile frontend project components,Build and compile frontend project components,EDIT
101,manage,Manage and configure progressive web application resources,Configure and maintain progressive web application resources,EDIT
102,manage,Manage and analyze frontend build artifacts,Analyze and optimize frontend build artifacts,EDIT
108,manage,Manage and track software deployment processes,Track and automate software deployment processes,EDIT
109,manage,Manage and execute UI component experiments,Execute and evaluate UI component experiments,EDIT
110,manage,Manage and maintain shared code libraries across projects,Maintain shared code libraries across projects,EDIT
112,manage,Manage CI/CD pipeline configuration across environments,Configure CI/CD pipelines across environments,EDIT
116,manage,Manage database schema migrations and automation processes,Automate database schema migrations,EDIT
117,manage,Manage backend logging infrastructure and tools,Configure and maintain backend logging infrastructure and tools,EDIT
123,manage,Manage and configure web server and proxy settings,Configure web server and proxy settings,EDIT
124,manage,Manage and optimize GraphQL server setup and queries,Optimize GraphQL server setup and queries,EDIT
125,manage,Manage role-based access and rendering in a web application,Enforce role-based access and rendering in a web application,EDIT
128,manage,Manage background job processing infrastructure,Configure and maintain background job processing infrastructure,EDIT
129,manage,Manage system notification processes and configurations,Configure system notification processes,EDIT
134,manage,Manage feature flag configurations and deployments,Configure and deploy feature flags across environments,EDIT
135,manage,Manage and inspect cross-origin request configurations,Inspect and enforce cross-origin request configurations,EDIT
137,manage,Manage and update project dependencies,Update and maintain project dependencies,EDIT
141,manage,Manage and implement search and indexing workflows for datasets,Implement search and indexing workflows for datasets,EDIT
149,manage,Manage software release versions and environment states,Version software releases and maintain environment states,EDIT
150,manage,Manage dynamic data retrieval and rendering processes,Optimize dynamic data retrieval and rendering processes,EDIT
151,manage,Manage database backup and synchronization processes,Automate database backup and synchronization processes,EDIT
154,manage,Manage server-side data caching and retrieval mechanisms,Optimize server-side data caching and retrieval mechanisms,EDIT
155,manage,Manage and track content versions systematically,Track and version content systematically,EDIT
158,manage,Manage deployment pipelines with environment orchestration,Orchestrate deployment pipelines with environment management,EDIT
160,manage,Manage and maintain deployment documentation and related resources,Maintain deployment documentation and related resources,EDIT
166,manage,Manage authentication and session processes across applications,Administer authentication and session processes across applications,EDIT
168,manage,Manage and version API documentation for developers,Version and publish API documentation for developers,EDIT
169,manage,Manage and enforce web application firewall configurations,Enforce web application firewall configurations,EDIT
171,manage,Manage and track SSL certificates for validity and renewal,Track SSL certificates for validity and renewal,EDIT
173,manage,Manage and optimize web application asset bundling and delivery,Optimize web application asset bundling and delivery,EDIT
176,manage,Manage and configure feature flag deployments across environments,Configure and deploy feature flags across environments,EDIT
178,manage,Manage application deployment and versioning processes,Automate application deployment and versioning processes,EDIT
180,manage,Manage and synchronize database environments,Synchronize and maintain database environments,EDIT
184,manage,Manage and optimize data caching systems,Optimize data caching systems,EDIT
186,manage,Manage and maintain a shared design system,Maintain and evolve a shared design system,EDIT
187,manage,Manage and optimize network load distribution,Optimize network load distribution,EDIT
194,manage,Manage web server error page configurations,Configure web server error page responses,EDIT
195,manage,Manage bulk user data transfers,Transfer and process bulk user data,EDIT
202,manage,Manage automated web security scanning processes,Automate web security scanning processes,EDIT
208,manage,Manage and monitor content approval processes,Track and enforce content approval processes,EDIT
214,manage,Manage and test frontend A/B experiments,Execute and evaluate frontend A/B experiments,EDIT
215,manage,Manage and optimize SVG assets for web projects,Optimize SVG assets for web projects,EDIT
220,manage,Manage and visualize web analytics data,Visualize and analyze web analytics data,EDIT
221,manage,Manage user roles and access control,Administer user roles and access control,EDIT
223,manage,Manage and deploy versioned static assets,Deploy and version static assets,EDIT
225,manage,Manage deployment processes and notifications,Automate deployment processes and notifications,EDIT
229,manage,Manage cross-origin request configurations,Enforce and inspect cross-origin request configurations,EDIT
230,manage,Manage versioning and integrity of uploaded documents,Version and validate integrity of uploaded documents,EDIT
233,manage,Manage API request handling and rate control,Enforce API request handling and rate control,EDIT
235,manage,Manage and secure online payment processing,Secure and process online payment transactions,EDIT
239,manage,Manage and organize content with structured tagging,Organize content with structured tagging,EDIT
241,manage,Manage and optimize content delivery networks,Optimize content delivery network performance,EDIT
247,manage,Manage real-time notification delivery and monitoring,Deliver and track real-time notifications,EDIT
248,manage,Manage logging for external service interactions,Configure logging for external service interactions,EDIT
249,manage,Manage continuous deployment workflows,Automate continuous deployment workflows,EDIT
254,manage,Manage and inspect data encryption configurations,Inspect and enforce data encryption configurations,EDIT
259,manage,Manage and inspect third-party service integrations,Inspect and maintain third-party service integrations,EDIT
260,manage,Manage secure authentication and secret storage,Enforce secure authentication and secret storage,EDIT
262,manage,Manage and review cloud IAM configurations,Audit and enforce cloud IAM configurations,EDIT
266,manage,Manage and test multi-factor authentication configurations,Test and enforce multi-factor authentication configurations,EDIT
267,manage,Manage and monitor backup and recovery operations,Automate backup and validate recovery operations,EDIT
268,manage,Manage and audit role-based access controls,Audit and enforce role-based access controls,EDIT
269,manage,Manage and assess dependency configurations,Assess and maintain dependency configurations,EDIT
276,manage,Manage SSL certificates and security configurations,Maintain SSL certificates and enforce security configurations,EDIT
277,manage,Manage session cookie configurations and security,Configure and enforce session cookie security,EDIT
283,manage,Manage and review caching and header configurations,Review and optimize caching and header configurations,EDIT
286,manage,Manage and ensure secure handling of sensitive files,Enforce secure handling of sensitive files,EDIT
288,manage,Manage and monitor feature toggle configurations,Track and enforce feature toggle configurations,EDIT
290,manage,Manage and verify backup encryption processes,Verify and enforce backup encryption processes,EDIT
291,manage,Manage and configure Single Sign-On and federated identity integrations,Configure Single Sign-On and federated identity integrations,EDIT
292,manage,Manage and monitor automated test coverage and gaps,Track and enforce automated test coverage,EDIT
294,manage,Manage and review file permissions for uploaded content storage,Review and enforce file permissions for uploaded content storage,EDIT
295,manage,Manage and analyze logging frameworks for completeness,Analyze logging frameworks for completeness,EDIT
298,manage,Manage rate limiting and quota enforcement,Enforce rate limiting and quota policies,EDIT
396,manage,Manage and assess integration points of external SaaS services,Assess integration points of external SaaS services,EDIT
403,manage,Manage and monitor phishing simulations for resilience validation,Execute and validate phishing simulations for resilience,EDIT
417,manage,Manage and validate encryption key rotation and access controls,Validate and enforce encryption key rotation and access controls,EDIT
433,manage,Manage vendor onboarding security compliance,Enforce vendor onboarding security compliance,EDIT
443,manage,Manage and validate emergency rollback and patch deployment procedures,Validate emergency rollback and patch deployment procedures,EDIT
447,manage,Manage attack surface inventories for accuracy and completeness,Maintain attack surface inventories for accuracy and completeness,EDIT
498,manage,Manage and monitor external sharing controls for sensitive documentation,Audit and enforce external sharing controls for sensitive documentation,EDIT
511,manage,Manage version control for model code and configurations,Version and maintain model code and configurations,EDIT
531,manage,Manage datasets with proper labeling and metadata,Organize datasets with proper labeling and metadata,EDIT
536,manage,Manage cloud resources for scalable model training,Provision cloud resources for scalable model training,EDIT
566,manage,Manage model artifacts and versioned checkpoints,Version and maintain model artifacts and checkpoints,EDIT
577,manage,Manage and maintain reproducible machine learning environments,Maintain reproducible machine learning environments,EDIT
580,manage,Manage and track data labeling and quality assurance processes,Track data labeling and quality assurance processes,EDIT
21,monitor,Monitor and maintain web service availability and network configuration,Track web service availability and maintain network configuration,EDIT
43,monitor,Monitor and analyze web user interactions using analytics tools,Analyze web user interactions using analytics tools,EDIT
47,monitor,Monitor and analyze application logs for system insights,Analyze application logs for system insights,EDIT
52,monitor,Monitor and analyze user activity with analytics tools,Analyze user activity with analytics tools,EDIT
59,monitor,Monitor and analyze system and application performance metrics,Analyze system and application performance metrics,EDIT
79,monitor,Monitor system performance and service metrics,Track system performance and service metrics,EDIT
86,monitor,Monitor service availability and automate alert notifications,Track service availability and automate alert notifications,EDIT
93,monitor,Monitor system and application memory usage,Track system and application memory usage,EDIT
114,monitor,Monitor and evaluate web page performance metrics,Evaluate web page performance metrics,EDIT
120,monitor,Monitor and analyze user session data,Analyze user session data,EDIT
126,monitor,Monitor and analyze third-party API status,Analyze third-party API status,EDIT
136,monitor,Monitor and visualize application performance metrics,Visualize and analyze application performance metrics,EDIT
152,monitor,Monitor and analyze application error data,Analyze application error data,EDIT
162,monitor,Monitor and visualize server resource utilization,Visualize server resource utilization,EDIT
167,monitor,Monitor and analyze payment transactions for fraudulent activity,Analyze payment transactions for fraudulent activity,EDIT
177,monitor,Monitor and inspect application error logs and rates,Inspect application error logs and rates,EDIT
190,monitor,Monitor and analyze server and network performance,Analyze server and network performance,EDIT
192,monitor,Monitor backend service metrics and performance,Track backend service metrics and performance,EDIT
205,monitor,Monitor and analyze website availability metrics,Analyze website availability metrics,EDIT
209,monitor,Monitor and analyze cache performance metrics,Analyze cache performance metrics,EDIT
219,monitor,Monitor and improve database query efficiency,Analyze and improve database query efficiency,EDIT
224,monitor,Monitor and report application errors,Track and report application errors,EDIT
232,monitor,Monitor and analyze system and website performance metrics,Analyze system and website performance metrics,EDIT
236,monitor,Monitor and visualize system and application metrics,Visualize system and application metrics,EDIT
240,monitor,Monitor and analyze system security logs,Analyze system security logs,EDIT
244,monitor,Monitor and track frontend JavaScript errors,Track frontend JavaScript errors,EDIT
251,monitor,Monitor and inspect network configuration and connectivity,Inspect network configuration and connectivity,EDIT
253,monitor,Monitor and analyze system log data,Analyze system log data,EDIT
255,monitor,Monitor and inspect API endpoint responses,Inspect API endpoint responses,EDIT
265,monitor,Monitor and debug application error handling,Debug and analyze application error handling,EDIT
270,monitor,Monitor and configure CORS and security policies,Audit CORS and enforce security policies,EDIT
272,monitor,Monitor and validate audit logs for critical actions,Validate audit logs for critical actions,EDIT
274,monitor,Monitor and test API versioning for security gaps,Test API versioning for security gaps,EDIT
275,monitor,Monitor system logs and performance metrics,Analyze system logs and performance metrics,EDIT
287,monitor,Monitor batch jobs for security and operational issues,Audit batch jobs for security and operational issues,EDIT
296,monitor,Monitor and analyze queue processing for anomalies,Analyze queue processing for anomalies,EDIT
303,monitor,Monitor and analyze system and application logs for anomalous activity patterns,Analyze system and application logs for anomalous activity patterns,EDIT
312,monitor,Monitor application performance metrics for potential security implications,Analyze application performance metrics for security implications,EDIT
320,monitor,Monitor anomaly detection alerts and correlate across multiple applications,Detect anomaly alerts and correlate across multiple applications,EDIT
331,monitor,Monitor and assess user session behavior across applications for potential security gaps,Assess user session behavior across applications for security gaps,EDIT
332,monitor,Monitor data retention and archival policies for compliance and security,Audit data retention and archival policies for compliance,EDIT
336,monitor,Monitor patch management effectiveness across multiple environments,Evaluate patch management effectiveness across multiple environments,EDIT
339,monitor,Monitor and evaluate incident detection and response effectiveness,Evaluate incident detection and response effectiveness,EDIT
343,monitor,Monitor and validate alerting thresholds across multiple monitoring tools,Validate alerting thresholds across multiple monitoring tools,EDIT
354,monitor,Monitor network encryption protocols and identify weaknesses,Audit network encryption protocols and identify weaknesses,EDIT
356,monitor,Monitor and audit wireless network configurations for unauthorized access,Audit wireless network configurations for unauthorized access,EDIT
358,monitor,Monitor network traffic and analyze packet captures for sensitive data exposure,Analyze network traffic and packet captures for sensitive data exposure,EDIT
364,monitor,Monitor and enforce endpoint security across devices,Enforce and track endpoint security across devices,EDIT
365,monitor,Monitor and evaluate DNS configurations for leakage risks,Evaluate DNS configurations for leakage risks,EDIT
380,monitor,Monitor API gateways for abuse patterns,Detect and analyze API gateway abuse patterns,EDIT
394,monitor,Monitor privileged administrative actions through log analysis,Audit privileged administrative actions through log analysis,EDIT
398,monitor,Monitor and validate alert escalation workflows during simulated security incidents,Validate alert escalation workflows during simulated security incidents,EDIT
399,monitor,Monitor and evaluate endpoint detection and response systems,Evaluate endpoint detection and response systems,EDIT
404,monitor,Monitor and ensure multi-factor authentication coverage across systems,Audit multi-factor authentication coverage across systems,EDIT
405,monitor,Monitor and assess third-party vendor security in the supply chain,Assess third-party vendor security in the supply chain,EDIT
406,monitor,Monitor and assess cloud tenant isolation and cross-tenant risks,Assess cloud tenant isolation and cross-tenant risks,EDIT
410,monitor,Monitor and validate API logging for forensic readiness,Validate API logging for forensic readiness,EDIT
413,monitor,Monitor and validate data loss prevention controls for sensitive data flows,Validate data loss prevention controls for sensitive data flows,EDIT
418,monitor,Monitor and analyze telemetry data for anomaly detection effectiveness,Analyze telemetry data for anomaly detection effectiveness,EDIT
427,monitor,Monitor and assess secrets exposure in code and configuration repositories,Assess secrets exposure in code and configuration repositories,EDIT
428,monitor,Monitor and assess lateral movement detection coverage in network traffic,Assess lateral movement detection coverage in network traffic,EDIT
429,monitor,Monitor and validate the secure exposure of developer and staging environments,Validate secure exposure of developer and staging environments,EDIT
430,monitor,Monitor and assess vulnerability remediation efforts against defined risk thresholds,Assess vulnerability remediation efforts against risk thresholds,EDIT
431,monitor,Monitor and validate segregation of duties in privileged operations workflows,Validate segregation of duties in privileged operations workflows,EDIT
432,monitor,Monitor and analyze observability for critical business transactions,Analyze observability for critical business transactions,EDIT
434,monitor,Monitor threat intelligence integration and detection workflows,Track threat intelligence integration and detection workflows,EDIT
435,monitor,Monitor and assess compliance with secure baselines for container images and runtimes,Assess compliance with secure baselines for container images,EDIT
436,monitor,Monitor and enforce data classification policies across systems,Enforce and audit data classification policies across systems,EDIT
441,monitor,Monitor and validate endpoint posture compliance and configuration drift,Validate endpoint posture compliance and configuration drift,EDIT
442,monitor,Monitor and assess the maturity of application security testing programs,Assess the maturity of application security testing programs,EDIT
485,monitor,Monitor exposure of developer tools and CI artifacts to the internet,Audit exposure of developer tools and CI artifacts to the internet,EDIT
486,monitor,Monitor security tagging and metadata for asset prioritization,Audit security tagging and metadata for asset prioritization,EDIT
487,monitor,Monitor external scanning cadence and scope coverage,Audit external scanning cadence and scope coverage,EDIT
490,monitor,Monitor and validate security configurations for new infrastructure components,Validate security configurations for new infrastructure components,EDIT
491,monitor,Monitor and validate DNS security configurations,Validate DNS security configurations,EDIT
492,monitor,Monitor and assess incident response playbook effectiveness,Assess incident response playbook effectiveness,EDIT
494,monitor,Monitor and audit privileged credential vault access,Audit privileged credential vault access,EDIT
495,monitor,Monitor and optimize telemetry sampling strategies,Optimize and tune telemetry sampling strategies,EDIT
496,monitor,Monitor and validate escalation processes for vulnerability disclosures,Validate escalation processes for vulnerability disclosures,EDIT
497,monitor,Monitor and evaluate the resilience of service meshes and proxies,Evaluate the resilience of service meshes and proxies,EDIT
506,monitor,Monitor model training and detect overfitting,Track model training progress and detect overfitting,EDIT
513,monitor,Monitor deployed models for drift in input data distribution,Detect drift in deployed model input data distributions,EDIT
521,monitor,Monitor system resource utilization during model training,Track system resource utilization during model training,EDIT
538,monitor,Monitor model accuracy decay over time in production,Detect model accuracy decay over time in production,EDIT
547,monitor,Monitor training datasets for data quality issues,Audit training datasets for data quality issues,EDIT
553,monitor,Monitor model drift and retrain when necessary,Detect model drift and trigger retraining when necessary,EDIT
564,monitor,Monitor model inference logs for anomalies,Analyze model inference logs for anomalies,EDIT
571,monitor,Monitor cloud-based training costs and resource usage,Track cloud-based training costs and resource usage,EDIT
578,monitor,Monitor and evaluate model fairness,Evaluate and improve model fairness,EDIT
579,monitor,Monitor model performance on live data streams,Track model performance on live data streams,EDIT
591,monitor,Monitor model latency and optimize serving endpoints,Track model latency and optimize serving endpoints,EDIT
597,monitor,Monitor input data streams for anomalies,Detect anomalies in input data streams,EDIT
606,monitor,Monitor drift in feature distributions across multiple datasets,Detect drift in feature distributions across multiple datasets,EDIT
618,monitor,Monitor and ensure reproducibility of experiments across environments,Ensure reproducibility of experiments across environments,EDIT
622,monitor,Monitor and optimize cloud resource allocation for cost efficiency,Optimize cloud resource allocation for cost efficiency,EDIT
624,monitor,Monitor and alert on model performance during production inference,Track and alert on model performance during production inference,EDIT
629,monitor,Monitor fairness metrics for group-specific predictions,Track fairness metrics for group-specific predictions,EDIT
634,monitor,Monitor ensemble model consistency across predictions,Track ensemble model consistency across predictions,EDIT
