id,verb,label_original,label_suggere,action,nb_items
3,manage,Manage and interact with relational and NoSQL database systems,,KEEP,12
8,manage,Manage and synchronize project source code using distributed version control,,KEEP,12
10,manage,Manage automated build and deployment workflows for software applications,,KEEP,12
25,manage,Manage and execute automated testing workflows,,KEEP,9
28,manage,Manage code versions and coordinate software releases,,KEEP,9
32,manage,Manage and deploy applications using containerization tools,,KEEP,9
33,manage,Manage and update project dependencies,,KEEP,9
37,manage,Manage and configure staging environments using containerization and deployment tools,,KEEP,9
39,manage,Manage web server security and SSL/TLS configurations,,KEEP,9
42,manage,Manage file storage and retrieval operations across systems,,KEEP,8
44,manage,Manage deployment pipelines and monitor system workflows,,KEEP,8
45,manage,Manage and execute website and domain migration tasks,,KEEP,8
56,manage,Manage API input validation and rate limiting mechanisms,,KEEP,11
57,manage,Manage automated test data generation and database population,,KEEP,11
58,manage,Manage user roles and access control policies,,KEEP,11
60,manage,Manage and execute database migration workflows,,KEEP,9
61,manage,Manage web application firewall configurations and network filtering rules,,KEEP,9
65,manage,Manage and optimize website SEO configurations and metadata,,KEEP,9
67,manage,Manage and configure file storage and access operations,,KEEP,9
70,manage,Manage and automate file and database operations,,KEEP,8
76,manage,Manage user sessions and enforce automatic inactivity handling,,KEEP,8
78,manage,Manage API routes and versions across multiple releases,,KEEP,8
80,manage,Manage multi-container applications with Docker Compose,,KEEP,8
81,manage,Manage logging configurations across multiple runtime environments,,KEEP,8
82,manage,Manage bulk user data transfer and processing,,KEEP,8
83,manage,Manage authentication logs and firewall rules,,KEEP,8
87,manage,Manage form processing and validation workflows with notifications,,KEEP,8
88,manage,Manage and verify user consent data for compliance,,KEEP,8
90,manage,Manage and configure caching for content delivery networks,,KEEP,8
91,manage,Manage and apply encryption for data security,,KEEP,9
94,manage,Manage and update feature toggles in software applications,,KEEP,9
95,manage,Manage and process structured data import workflows,,KEEP,9
96,manage,Manage and monitor API request limits,,KEEP,9
99,manage,Manage deployment states and version rollbacks,,KEEP,9
100,manage,Manage and compile frontend project components,,KEEP,9
101,manage,Manage and configure progressive web application resources,,KEEP,9
102,manage,Manage and analyze frontend build artifacts,,KEEP,9
108,manage,Manage and track software deployment processes,,KEEP,9
109,manage,Manage and execute UI component experiments,,KEEP,8
110,manage,Manage and maintain shared code libraries across projects,,KEEP,6
112,manage,Manage CI/CD pipeline configuration across environments,,KEEP,6
116,manage,Manage database schema migrations and automation processes,,KEEP,6
117,manage,Manage backend logging infrastructure and tools,,KEEP,6
123,manage,Manage and configure web server and proxy settings,,KEEP,9
124,manage,Manage and optimize GraphQL server setup and queries,,KEEP,9
125,manage,Manage role-based access and rendering in a web application,,KEEP,9
128,manage,Manage background job processing infrastructure,,KEEP,9
129,manage,Manage system notification processes and configurations,,KEEP,9
134,manage,Manage feature flag configurations and deployments,,KEEP,8
135,manage,Manage and inspect cross-origin request configurations,,KEEP,8
137,manage,Manage and update project dependencies,,KEEP,8
141,manage,Manage and implement search and indexing workflows for datasets,,KEEP,6
149,manage,Manage software release versions and environment states,,KEEP,6
150,manage,Manage dynamic data retrieval and rendering processes,,KEEP,7
151,manage,Manage database backup and synchronization processes,,KEEP,6
154,manage,Manage server-side data caching and retrieval mechanisms,,KEEP,6
155,manage,Manage and track content versions systematically,,KEEP,6
158,manage,Manage deployment pipelines with environment orchestration,,KEEP,6
160,manage,Manage and maintain deployment documentation and related resources,,KEEP,9
166,manage,Manage authentication and session processes across applications,,KEEP,9
168,manage,Manage and version API documentation for developers,,KEEP,9
169,manage,Manage and enforce web application firewall configurations,,KEEP,9
171,manage,Manage and track SSL certificates for validity and renewal,,KEEP,6
173,manage,Manage and optimize web application asset bundling and delivery,,KEEP,6
176,manage,Manage and configure feature flag deployments across environments,,KEEP,6
178,manage,Manage application deployment and versioning processes,,KEEP,6
180,manage,Manage and synchronize database environments,,KEEP,10
184,manage,Manage and optimize data caching systems,,KEEP,9
186,manage,Manage and maintain a shared design system,,KEEP,9
187,manage,Manage and optimize network load distribution,,KEEP,9
194,manage,Manage web server error page configurations,,KEEP,6
195,manage,Manage bulk user data transfers,,KEEP,6
202,manage,Manage automated web security scanning processes,,KEEP,13
208,manage,Manage and monitor content approval processes,,KEEP,13
214,manage,Manage and test frontend A/B experiments,,KEEP,12
215,manage,Manage and optimize SVG assets for web projects,,KEEP,12
220,manage,Manage and visualize web analytics data,,KEEP,10
221,manage,Manage user roles and access control,,KEEP,10
223,manage,Manage and deploy versioned static assets,,KEEP,10
225,manage,Manage deployment processes and notifications,,KEEP,10
229,manage,Manage cross-origin request configurations,,KEEP,10
230,manage,Manage versioning and integrity of uploaded documents,,KEEP,9
233,manage,Manage API request handling and rate control,,KEEP,9
235,manage,Manage and secure online payment processing,,KEEP,9
239,manage,Manage and organize content with structured tagging,,KEEP,9
241,manage,Manage and optimize content delivery networks,,KEEP,9
247,manage,Manage real-time notification delivery and monitoring,,KEEP,9
248,manage,Manage logging for external service interactions,,KEEP,9
249,manage,Manage continuous deployment workflows,,KEEP,9
254,manage,Manage and inspect data encryption configurations,,KEEP,9
259,manage,Manage and inspect third-party service integrations,,KEEP,9
260,manage,Manage secure authentication and secret storage,,KEEP,9
262,manage,Manage and review cloud IAM configurations,,KEEP,9
266,manage,Manage and test multi-factor authentication configurations,,KEEP,9
267,manage,Manage and monitor backup and recovery operations,,KEEP,9
268,manage,Manage and audit role-based access controls,,KEEP,9
269,manage,Manage and assess dependency configurations,,KEEP,9
276,manage,Manage SSL certificates and security configurations,,KEEP,6
277,manage,Manage session cookie configurations and security,,KEEP,6
283,manage,Manage and review caching and header configurations,,KEEP,9
286,manage,Manage and ensure secure handling of sensitive files,,KEEP,9
288,manage,Manage and monitor feature toggle configurations,,KEEP,9
290,manage,Manage and verify backup encryption processes,,KEEP,7
291,manage,Manage and configure Single Sign-On and federated identity integrations,,KEEP,7
292,manage,Manage and monitor automated test coverage and gaps,,KEEP,7
294,manage,Manage and review file permissions for uploaded content storage,,KEEP,7
295,manage,Manage and analyze logging frameworks for completeness,,KEEP,7
298,manage,Manage rate limiting and quota enforcement,,KEEP,7
396,manage,Manage and assess integration points of external SaaS services,,KEEP,13
403,manage,Manage and monitor phishing simulations for resilience validation,,KEEP,12
417,manage,Manage and validate encryption key rotation and access controls,,KEEP,9
433,manage,Manage vendor onboarding security compliance,,KEEP,9
443,manage,Manage and validate emergency rollback and patch deployment procedures,,KEEP,8
447,manage,Manage attack surface inventories for accuracy and completeness,,KEEP,8
498,manage,Manage and monitor external sharing controls for sensitive documentation,,KEEP,9
511,manage,Manage version control for model code and configurations,,KEEP,9
531,manage,Manage datasets with proper labeling and metadata,,KEEP,11
536,manage,Manage cloud resources for scalable model training,,KEEP,11
566,manage,Manage model artifacts and versioned checkpoints,,KEEP,11
577,manage,Manage and maintain reproducible machine learning environments,,KEEP,12
580,manage,Manage and track data labeling and quality assurance processes,,KEEP,9
21,monitor,Monitor and maintain web service availability and network configuration,,KEEP,9
43,monitor,Monitor and analyze web user interactions using analytics tools,,KEEP,8
47,monitor,Monitor and analyze application logs for system insights,,KEEP,8
52,monitor,Monitor and analyze user activity with analytics tools,,KEEP,9
59,monitor,Monitor and analyze system and application performance metrics,,KEEP,9
79,monitor,Monitor system performance and service metrics,,KEEP,8
86,monitor,Monitor service availability and automate alert notifications,,KEEP,8
93,monitor,Monitor system and application memory usage,,KEEP,9
114,monitor,Monitor and evaluate web page performance metrics,,KEEP,6
120,monitor,Monitor and analyze user session data,,KEEP,9
126,monitor,Monitor and analyze third-party API status,,KEEP,9
136,monitor,Monitor and visualize application performance metrics,,KEEP,8
152,monitor,Monitor and analyze application error data,,KEEP,6
162,monitor,Monitor and visualize server resource utilization,,KEEP,9
167,monitor,Monitor and analyze payment transactions for fraudulent activity,,KEEP,9
177,monitor,Monitor and inspect application error logs and rates,,KEEP,6
190,monitor,Monitor and analyze server and network performance,,KEEP,6
192,monitor,Monitor backend service metrics and performance,,KEEP,6
205,monitor,Monitor and analyze website availability metrics,,KEEP,13
209,monitor,Monitor and analyze cache performance metrics,,KEEP,13
219,monitor,Monitor and improve database query efficiency,,KEEP,12
224,monitor,Monitor and report application errors,,KEEP,10
232,monitor,Monitor and analyze system and website performance metrics,,KEEP,9
236,monitor,Monitor and visualize system and application metrics,,KEEP,9
240,monitor,Monitor and analyze system security logs,,KEEP,9
244,monitor,Monitor and track frontend JavaScript errors,,KEEP,9
251,monitor,Monitor and inspect network configuration and connectivity,,KEEP,9
253,monitor,Monitor and analyze system log data,,KEEP,9
255,monitor,Monitor and inspect API endpoint responses,,KEEP,9
265,monitor,Monitor and debug application error handling,,KEEP,9
270,monitor,Monitor and configure CORS and security policies,,KEEP,6
272,monitor,Monitor and validate audit logs for critical actions,,KEEP,6
274,monitor,Monitor and test API versioning for security gaps,,KEEP,6
275,monitor,Monitor system logs and performance metrics,,KEEP,6
287,monitor,Monitor batch jobs for security and operational issues,,KEEP,9
296,monitor,Monitor and analyze queue processing for anomalies,,KEEP,7
303,monitor,Monitor and analyze system and application logs for anomalous activity patterns,,KEEP,9
312,monitor,Monitor application performance metrics for potential security implications,,KEEP,9
320,monitor,Monitor anomaly detection alerts and correlate across multiple applications,,KEEP,8
331,monitor,Monitor and assess user session behavior across applications for potential security gaps,,KEEP,9
332,monitor,Monitor data retention and archival policies for compliance and security,,KEEP,9
336,monitor,Monitor patch management effectiveness across multiple environments,,KEEP,9
339,monitor,Monitor and evaluate incident detection and response effectiveness,,KEEP,9
343,monitor,Monitor and validate alerting thresholds across multiple monitoring tools,,KEEP,9
354,monitor,Monitor network encryption protocols and identify weaknesses,,KEEP,9
356,monitor,Monitor and audit wireless network configurations for unauthorized access,,KEEP,9
358,monitor,Monitor network traffic and analyze packet captures for sensitive data exposure,,KEEP,9
364,monitor,Monitor and enforce endpoint security across devices,,KEEP,7
365,monitor,Monitor and evaluate DNS configurations for leakage risks,,KEEP,7
380,monitor,Monitor API gateways for abuse patterns,,KEEP,9
394,monitor,Monitor privileged administrative actions through log analysis,,KEEP,12
398,monitor,Monitor and validate alert escalation workflows during simulated security incidents,,KEEP,12
399,monitor,Monitor and evaluate endpoint detection and response systems,,KEEP,12
404,monitor,Monitor and ensure multi-factor authentication coverage across systems,,KEEP,12
405,monitor,Monitor and assess third-party vendor security in the supply chain,,KEEP,12
406,monitor,Monitor and assess cloud tenant isolation and cross-tenant risks,,KEEP,12
410,monitor,Monitor and validate API logging for forensic readiness,,KEEP,9
413,monitor,Monitor and validate data loss prevention controls for sensitive data flows,,KEEP,9
418,monitor,Monitor and analyze telemetry data for anomaly detection effectiveness,,KEEP,9
427,monitor,Monitor and assess secrets exposure in code and configuration repositories,,KEEP,9
428,monitor,Monitor and assess lateral movement detection coverage in network traffic,,KEEP,9
429,monitor,Monitor and validate the secure exposure of developer and staging environments,,KEEP,9
430,monitor,Monitor and assess vulnerability remediation efforts against defined risk thresholds,,KEEP,9
431,monitor,Monitor and validate segregation of duties in privileged operations workflows,,KEEP,9
432,monitor,Monitor and analyze observability for critical business transactions,,KEEP,9
434,monitor,Monitor threat intelligence integration and detection workflows,,KEEP,9
435,monitor,Monitor and assess compliance with secure baselines for container images and runtimes,,KEEP,9
436,monitor,Monitor and enforce data classification policies across systems,,KEEP,9
441,monitor,Monitor and validate endpoint posture compliance and configuration drift,,KEEP,8
442,monitor,Monitor and assess the maturity of application security testing programs,,KEEP,8
485,monitor,Monitor exposure of developer tools and CI artifacts to the internet,,KEEP,9
486,monitor,Monitor security tagging and metadata for asset prioritization,,KEEP,9
487,monitor,Monitor external scanning cadence and scope coverage,,KEEP,9
490,monitor,Monitor and validate security configurations for new infrastructure components,,KEEP,9
491,monitor,Monitor and validate DNS security configurations,,KEEP,9
492,monitor,Monitor and assess incident response playbook effectiveness,,KEEP,9
494,monitor,Monitor and audit privileged credential vault access,,KEEP,9
495,monitor,Monitor and optimize telemetry sampling strategies,,KEEP,9
496,monitor,Monitor and validate escalation processes for vulnerability disclosures,,KEEP,9
497,monitor,Monitor and evaluate the resilience of service meshes and proxies,,KEEP,9
506,monitor,Monitor model training and detect overfitting,,KEEP,10
513,monitor,Monitor deployed models for drift in input data distribution,,KEEP,11
521,monitor,Monitor system resource utilization during model training,,KEEP,9
538,monitor,Monitor model accuracy decay over time in production,,KEEP,11
547,monitor,Monitor training datasets for data quality issues,,KEEP,7
553,monitor,Monitor model drift and retrain when necessary,,KEEP,10
564,monitor,Monitor model inference logs for anomalies,,KEEP,11
571,monitor,Monitor cloud-based training costs and resource usage,,KEEP,12
578,monitor,Monitor and evaluate model fairness,,KEEP,12
579,monitor,Monitor model performance on live data streams,,KEEP,12
591,monitor,Monitor model latency and optimize serving endpoints,,KEEP,12
597,monitor,Monitor input data streams for anomalies,,KEEP,12
606,monitor,Monitor drift in feature distributions across multiple datasets,,KEEP,8
618,monitor,Monitor and ensure reproducibility of experiments across environments,,KEEP,10
622,monitor,Monitor and optimize cloud resource allocation for cost efficiency,,KEEP,9
624,monitor,Monitor and alert on model performance during production inference,,KEEP,9
629,monitor,Monitor fairness metrics for group-specific predictions,,KEEP,9
634,monitor,Monitor ensemble model consistency across predictions,,KEEP,8
